0,com.moath.ketabaltala3ob
1,com.appybuilder.w2ttec.Pabollo_Memes
2,com.funshootinggames.us_army.special.forces.machine_gun.shooter
3,com.classic.car.parking.simulator.game.free
4,net.kaleidos.comicsmagic
5,com.drevo.epicdrum
6,com.cyou.cma.clauncher.theme.v53c4199e227ba28a166990d3
7,com.gamesfloor.ultimate.zombie.sniper.combat
8,io.comico
9,com.tigs.bodybuilderfightingclub.wrestling.gym.karate.tagteam.sumowrestling.bodybuildergames.topfreegames
10,xgaming.how.draw.anime
11,com.nenuphar_development.culturebd
12,com.app.restosprinty
13,com.pygmies.fighting.rescue.hero.extreme.city
14,com.commentatk
15,com.mastersoft.babyskipper
16,com.ragnarock.anime.wallpaper.v01
17,comcoapp.beckertonstudio.comiccollector.comiccollector
18,jp.miraiapuri.mawashiyomi_jump
19,com.freakgames.formula.car.racing.top.speed.classic.championship
20,com.gistxl.bestway
21,com.ia2.darts
22,com.bookpalcomics.single.yandere
23,com.alp.carwaterstunt
24,sound.com.goatsounds
25,com.zzangcartoon31
26,com.jaemijaemi.kidsart1
27,jp.co.nspictures.mangahot
28,tv.iam.ameirofr
29,com.doopix.cazalbe
30,com.hdteam.truyenaudiokiemhiep
31,com.fightersking
32,appinventor.ai_mssrnick.gothic1
33,com.bp.real.robot.shooting.strike.counter.attack.game
34,com.larihmage.stickers
35,elegant.Belarus
36,org.animewiki.animewiki
37,com.spinwhizcomics.app
38,kr.co.haksanpub.shinilsook
39,com.hallofheroesmuseum.sidekick
40,com.cgs.rulesofworldwar.wwII.modern.commando.shooting.fps
41,us.marines.army.gta.armygranny.city.crime
42,com.nnm.special.ops.battleground.survival.squad.game
43,com.anime.animeseasonsummer2020
44,com.andromo.dev701988.app809527
45,com.yamadashoten.ebook
46,com.DevGamesApps.PiadasTop
47,com.studyadda.telugustories
48,com.hgs.brawls.io
49,com.instaeditor.profileavatar
50,com.putet.comic
51,com.app.peanuts
52,best.sarcastic.quotes.sayings.english
53,com.bobaman.aircomix
54,com.kazekasdl.wastickerszelensky
55,app.onairbuilder.sid22741
56,simplecodelabs.jnfalas
57,com.pacotaodeadesivos
58,info.lupinthethird.lepapp
59,com.bangalikoutuk
60,com.dingbat.extreme.suv.racinggames.stunts
61,com.mc.pixel.ninja.warriors
62,com.Kurdish.Joke.kj
63,com.rekios.yonkomaframefree
64,com.shortboxed
65,net.centralfixion.reader
66,com.fa.bigfoot.yeti.apes.gorilla.hunting
67,com.ryl.zombie.shooter.killer.dead.hunter
68,com.jhs.atv.light.quad.bike.stunt.road.rush.traffic
69,net.trellisys.papertrell.shelfb1221a847a3a4a9aaa06c01b6ebede8b
70,com.samc.marathijokes
71,com.jokesar
72,com.sunzala.pashtojokes
73,mobi.mangatoon.comics.aphone
74,com.oneup.zombie.swat
75,com.Acheldeveloper.KomikLucuTerbaru2020
76,br.com.coalman.dicionariodosuricate
77,com.edhkmenalbk
78,fi.korppikotkat.Suomivitsit
79,com.lalasoft.ilkbaharduvar
80,com.Madferret.Dicey
81,com.michaeljordanr.memesounds.romulomendonca
82,org.faustoiocchi.echameunchiste
83,com.arturmurteira.caderneta
84,air.bahraniapps.comicpuppetgifmaker
85,com.sss.us.army.commando.survival.battleground.secret.war.mission.freedom.world.forces
86,com.izicomics.app
87,com.shooting.sinper.freak.games
88,com.play.fun.free.impossibletracks.sky.racer.monster.truck.impossibletracks
89,com.panareadigital.mafalda
90,jp.co.alphapolis.viewer
91,com.appdashboard.android5e1c968f1eb7c
92,com.energysh.drawshow
93,com.silversword.endlessprincessescape.snowtrackfinal.running.royalgirlfast.runcastlegame
94,co.kr.sky.rabbitandmud
95,com.WhatsFigurs.stickerwhatsfigurs
96,com.freeplaygames.crazy.car.driving.simulator
97,com.fath9021.D_Gray_man_Manga
98,com.speedcaractiongames.modern.counter.strike.shooting.game
99,org.jm.nederlands
100,com.mrbunn.frozen.slush.factory.maker
101,io.bot.ultimate.robot.ring.fight.war.transformer.knockout
102,com.twgs.futuristic.gyroscopic.bus.simulator
103,com.offroad.police.truck.game
104,com.gv.offroad.truck.cargo
105,com.stickman.vegas.mafia.rope.hero.crime.fight
106,com.mk.bikestunt.beachbikeracing.rampstunts
107,com.skitchatlkrimi
108,com.orbisf.botonera
109,com.plugindigital.emma
110,com.kiwamedia.android.qbook.nam0003
111,com.flyingbusstudio.cartoonistfree
112,com.tigs.zombie.survival.shooting.dead.target.frontier.sniper.fps.war
113,com.mobileboss.buon.giorno.sena.notte
114,com.scheltzke.bigtext
115,appinventor.ai_mssrnick.blag
116,com.mv.telugu.jokes.telugu
117,com.MagicMoment.mm4cmecy
118,com.fernandoguillendelatejera.hero_index
119,com.multiPanther.stickman.ropehero.avengers.crime
120,es.dexx.solutions.comicreader.comictime
121,com.rookiestudio.perfectviewer.plugin.source
122,keyboard.theme.k820006167
123,com.stickman.rope.hero.crime.city.monster
124,com.twgs.elevated.bus.driving.simulator2019
125,com.ifuncreator.cutewallpapers
126,com.arabianarts.eggtransporttruckdriver
127,com.us.army.training.camp.special.school
128,com.lionosur.ironmanarcreactor
129,com.fighting.martial.arts.game
130,com.comic.trim
131,com.scary.temple.finaltemple.run.lost.princess.running.game
132,com.appinsight.modren.taxi.car.driving
133,com.codelads.mrlovensteincomics
134,anime.animewallpaperhd.mangawallpapers
135,com.aflatoongames.FunnyQuotes
136,com.rescue.robot.transformation.ambulance.robot.war
137,com.inkr.comics
138,com.askmedia.ned
139,com.cgs.cover.shooter.free.fps.survivor
140,com.newandromo.dev952182.app1081978
141,com.dj.botaodememes
142,com.glounge.water.surfing.car.stunts
143,com.orix.newspapercartoons
144,com.green.sickman.rope.hero.crime.city
145,com.eigomanga.comic
146,shreenath.gujarati_movie
147,org.jmpbk.asia.dhivehienglish
148,com.acheiquesabiajogar.calculadoradohumor
149,com.philosophicalcomyx.philosophicalcomyxoctapops
150,cute.shayrishayri.center
151,com.ysjworld.gcontroller
152,com.iclassicscollection.ilovecraft2
153,co.cartoon.fun.comics
154,com.tigs.robotcar.robotshark.horserobot.robotbike.jetrobot.formulaonerobot.tornadorobot.helicopterrobot.flyinghorserobot
155,com.mint.guava
156,com.innventera.counter.terrorist.attack
157,com.arkham
158,com.hanabook.app
159,com.firemobi.jackinsounds
160,com.mutaidev.jokes
161,com.rajcomics.comicsreader
162,com.codenext.stickwar.stickman
163,jp.heartone.books
164,com.cokrodev.mikimom
165,com.floern.xkcd
166,com.green.stickman.gangster.crime.rope.hero
167,br.com.meiatech.sonsdepeido
168,br.com.heverton.xaveco
169,howtodrawanime.mangatutorials
170,com.kablamgames.ultimate.robot.lion.tigertranform
171,com.jtbgmt.msgreen2
172,com.em.simuladordefogao
173,com.strippyapp
174,com.army.stickman.counter.attack.hero
175,com.arabana.kobu
176,neo.maru
177,com.jorge.boats.xkcd
178,com.pishdad.persmanga
179,com.xtreme.jx
180,br.com.srolemberg.sticker.app.ronaldinho64
181,kahaniyahindime.bhutiyakahaniya.nayikahaniya.hindikahaniya.nayihindikahaniya
182,com.pratilipi.comics
183,br.com.alaskapps.tiradasmalcriadas
184,com.programmer.memessons
185,com.askmedia.vibulkij
186,com.example2.BroHa
187,com.ogs.forest.animals.racing.wild.animal.battle.fighting
188,com.app.onepiecepower
189,com.fa.counter.terrorist.shooting.strike.action.games
190,com.hakusensha.mangapark.w
191,com.zzangcartoon4
192,com.gms.racing.fever.hot.wheels.car.stunts.simulator.apps
193,com.teamapps.Lovejokesapp
194,com.right.to.develop.dinosaur.hunting.king
195,com.BolaCarne.WspStickers
196,com.komix.dewataraya
197,com.Stories.for.kids
198,ru.blikfon.orange_2
199,com.ExtrudeGaming.air.robot.plane.transformation
200,com.coloringdev.mercedesbenzbook
201,com.Mensajes.buena.manana.tarde.noche
202,hu.alchimedia.diavetito
203,br.com.escolhatecnologia.voztradutorplus
204,com.exzitan.smile
205,com.i3lamiat.hassanandmohssin
206,th.co.think.bongkoch
207,com.moath.zaka3aligna3
208,com.trithuc.supermangapro
209,com.gamefunfever.best.slapkings.games
210,com.nkg.zombieshooter.deadtarget.deadwalk.zombiefrontier.deadtarget.madzombies.fps.shooting.snipper.hunter.hunting.fps
211,com.reto.post.egydream
212,se.icedor.nileadventure
213,com.lalatoon.android
214,douglasdias.com.berrante
215,com.codingbizz.offroad.jeep.stunt
216,com.roundpixel.water.surfing.jet.ski.stunts
217,net.trellisys.papertrell.shelfd78d4014e0644aecb2034389bc08ddb4
218,net.jmtools.scanviewer
219,tech.zeroapps.shdb
220,br.com.wesoft.canaishumor
221,com.zombie.shooting.dead.trigger.frontier.best.fps.shooting.game
222,com.RepairMasterGuide.repairelectronicsmobileandlaptop2020
223,net.jp.apps.rin.kenmago
224,com.manojkaswala2.FunJokes
225,com.mkzhan.google
226,com.kenneymyers.chosenkinapp
227,com.frecre.thesword
228,com.toast.comico.vn
229,com.bounceball.shooter
230,zepeto.walkthrough.zepetotricks
231,com.sirelon.superherofinder
232,com.threedbrains.truck.robot.transform.robot.games
233,com.cowgame.MotocrossWallpaper
234,com.ComicLions.ImpossibleMegaRamp.Stunts.Racing.VerticalTrack.MotorBikeSimulator
235,com.popcomics
236,com.comedy256.uganda
237,com.viz.wsj.android
238,com.beliefengine.handyapp
239,io.bot.battleground.survivalwar.firefree.squad.fpsbattle.modernwar.shootinggame.freefiring.crossfire.coverfire.battlestrike
240,se.mrkoll.app
241,com.zams.fps.shooting.games
242,com.ahihi.t17
243,com.tecworks.virtualcomicfree
244,com.threedbrains.robot.ring.fighting.games.free
245,com.fueneco.talking.photos
246,com.anddev.kisasatfal
247,com.copycatsstudios.stuntdeatharena
248,com.truyenqq.pro
249,com.threedbrains.turbo.skateboard.flip.stars.skater.game
250,com.capstonestudio.expert.hunter.animals.hunting.sniper.safari.survival.freegame
251,appinventor.ai_mssrnick.flung
252,draw.hair.anime
253,net.g33kworld.upgoer5texteditor
254,org.checklist.comics.comicschecklist
255,com.zzangcartoon17
256,com.test.dailysub03
257,com.zzangcartoon3
258,com.AnzayApps.pencilsketchideasforbeginners
259,com.okmcworkshop.dogdogcomicv1
260,com.jhs.gym.fitness.body.trainer.stick.man
261,it.perroneconsulting.Lo_scienziato_Volante
262,com.heleno.piadas
263,com.esport.logomaker
264,com.delitoon
265,eu.spm.cartoniegiochi
266,com.ncsoft.android.buff
267,com.zhangyue.read.comiccat
268,nightlock.peppercarrot
269,mobi.ffuuu.rage
270,com.threedbrains.hyper.basketball.mayhem.stars.game
271,com.DerSesorCorporation.GUIPack
272,com.zzangcartoon14up
273,air.bahraniapps.comicstripcreator
274,id.plexus.ragasukmacomicapp
275,com.cow.boy.shooting.game.amgoc
276,com.excitingFreeGames.epic.free.fire.firing.commando.squad
277,com.threedbrains.subway.quad.bikeracefreeworld
278,com.comicbook.manga
279,com.SonicExcuses.uukasoft
280,tv.iam.magical
281,com.ogs.lastenemy.zombie.craft.survival.fpsgame
282,com.syido.elementcalculators
283,com.arlan.figurinhasnordeste
284,com.jegulabs.mango
285,com.sooting.survival.desert.game
286,com.thai.asmr
287,com.memetoons.memetoons
288,cz.kutner.comicsdbclient.comicsdbclient
289,com.stickersapp.figurinhastickers
290,com.stinn.secretmountainsnipershooter
291,com.ani2pix.characters
292,com.wallzz.blade
293,com.comichubretailer
294,appinventor.ai_harish_ravishankar.HHCOMICS
295,com.scary.princess.running.game.temple.finaltemple.run
296,com.creativecode.insult_me_app
297,com.impractical_lizzie.stickersapp
298,com.tbabadev.app16
299,com.pallo.morningrabbit
300,com.stickerapps.figurinhasbr
301,com.nav.cbpg
302,com.copincomics.copinapp
303,com.stickers.esqueletos
304,com.doopix.risos
305,com.gns.army.commando.counterattack.fps.snipergame
306,com.spacialvision.ganerate
307,net.piperka.client
308,com.dynamicentertainment.grandropeheroganstersurvivalcrimesimulator
309,com.zalivka.animation2
310,com.test.d40mTestapp_01
311,com.quotes_frasi_sagge_saggezza_social.share
312,com.thgcode.randomcat
313,hikaru.mangaupdates
314,com.techmarflex.wild.fantasy.angry.anaconda.snakes.hunter
315,com.picfix.avatarmakerpro
316,com.zzangcartoon35
317,com.newandromo.dev852704.app960522
318,jp.comicspace.android
319,com.ogs.flashhero.lighthero.flashcrime.cityrescue
320,com.alek.funnyenglish
321,com.gunship.heli.battle.warfare
322,com.police.cop.robot.hero.police.speed.robot.games
323,wall.games.cerita_lucu
324,com.zzangcartoon11
325,gd.lu.ck.comic
326,com.ranebord.conffindance
327,com.workshophk.t2rcmecy
328,com.dpj.drawpicanimals
329,com.pg.scaryclown.survivalgame.freeprankattack
330,com.erafungames.us.president.helicopter.security
331,com.heappi.android.Bubble
332,com.NurseryRhymesHaha.c7S7cJY9Ex
333,com.doubleeaglesoft.jok
334,com.rzcc.naoentendinada
335,appinventor.ai_braincobby.AnimationDrawingBoard
336,com.asfg.wolf.game.attack.simulator
337,com.agilegames.counter.terrorist.shooter.shooting.games
338,com.seulinger.carttoon4
339,com.chitty.fighting.robot
340,manga.news.info
341,net.mediaentity
342,net.ddns.wilmar.somdepeido
343,com.stickman.mafia.rope.hero.gangster.crime.game
344,com.flakki.barcoletashqip
345,com.attacksoftware.dunyamizduvarkagidi
346,com.bengicoder.MarvelAtrix
347,com.zzangcartoon9
348,com.modern.fps.gun.shooting.counter.attack.game
349,com.badrob.mycollection
350,com.fluky.knock.down.hit.balls
351,com.Guru.marvelhandbook
352,com.cyou.cma.clauncher.theme.v53c215e281633f6a4fbcf67b
353,com.joydew.hippofamilysim
354,com.bike.racing.stunts.master.free.game
355,photo.smile.comic.ninja
356,anime.manga.wallpaper.AnimeNanatsuNoTazaihdWallpapers.myappAnime_Nanatsu_No_Tazai_hd_Wallpapers
357,com.axondevgames.hungry.crocodile.attack.simulator
358,com.developeradroid.jummamubarak
359,com.jojofp.populerwalpa
360,com.imageeditor.realtimecartooneffect
361,com.anomalyproductions.SpawnAR
362,com.el.highschoolghostescape
363,co.visionbooks.reader
364,com.mycomics.io
365,com.memes.Memenation
366,com.uc.virtual.pet.escape
367,com.royalgames.dinosaur.game.jurassic.dino.hunter.world.survival
368,com.JasonAsk.BystanderChroniclesPreview
369,vn.appstore.hanoi.kiemhiepvui
370,com.supervillian.joker.wallpapers
371,marcostudios.funnyjokes
372,appinventor.ai_rlromero507.EDGEKomix
373,com.dena.mj
374,com.play.vertex.counter.terrorist.strike.cs.critical.attack.ops.fps.apps
375,com.threedbrains.jetpacks.hero.flying.gangster.shooting
376,neu.nepalijokes
377,com.app_dpcom1.layout
378,desireapps.freediamond.diamond
379,air.bahraniapps.minecraftcomicmaker
380,com.wonderfulgames.cattalkingcatvirtualpet
381,com.tigs.anti.terrorist.shooting.game.p.u.b.g.brothers.in.arms.tps.fps.battlefield.battleground
382,org.jmpbk.america.spanish
383,com.gns.dinosaur.battle.city.attack.simulator3d
384,jp.co.excite.kodansha.morning.weekly
385,in.huhuba.incapabletrump
386,com.jhs.fire.shoot.army.gun.war.survive
387,com.access_company.android.sh_naruto
388,com.sgh.igigame.callofdutygame
389,com.dreamtechstudio.helicoptertouristtaxi
390,com.gamelog.truck.driver.simulator.truckdriving.drivinggames
391,com.fire.battle.royale.battleground.survival
392,com.action_games.counter.terrorist.strike
393,com.screensh.reto.egydream
394,com.bounceback.beerabalkichaturaeekekisse
395,com.magzter.champakmalayalam
396,com.nnm.modern.gunship.strike.air.attack.helicopter.game
397,kr.gomics
398,com.hamiltonhtsnet.com.br.crazycalculator
399,com.carrot.horror
400,com.access_company.android.sh_onepiece
401,com.MRK07.shadow.fighting.game
402,com.theagoliddell.presidentedobrasil
403,com.bfg.tornado.robot
404,com.rookiestudio.perfectviewer
405,com.Pygmies.superhero.flash.rescue.free
406,com.progdigy.cdisplay
407,app1.universal.com.bomdiaboatardeeboanoite
408,com.taicca.ccc
409,com.allheroescomics
410,com.askmedia.sic
411,com.cowboy.gun.war
412,com.ahfad.cbrlite
413,com.yang.fcomments
414,org.ayal.xkcd2mobile
415,sszj.happybirthdaymustafa
416,com.pixelswordgames.comicreader
417,com.musawargames.ninja.fight.kung.fu.shadow.assassin.samurai
418,rope.superhero.hero.battle
419,bnctechnology.jairbolsonaro_audiosengracados
420,com.zzangcartoon19
421,com.irongate.webtoon
422,com.nyros.untold
423,be.moulinsart.tintinbooks
424,com.bfg.melonshooting
425,com.magzter.periyarpinju
426,com.intechstudio.driving.tuk.tuk.auto.rickshaw.city.rickshaw.walla.game
427,com.keyspice.photocomics
428,vicdron.com.piadastop
429,com.ogs.antiterrorist.robotbattle.superherogame.callofshooting.gunshooting
430,de.delitoon
431,com.bilibili.comic.intl
432,studios.beans.butter.burter.com.billybobcomix
433,com.iaftersmile.Sasingers_Comics
434,com.real.army.strike.training.paintball.shooting.game
435,com.mayhem.impossiblecarstunts.taxi.car.driving
436,www.opgt.it
437,com.alsehlawi.s.ali.Banat
438,com.simulationhome.immortal.superhero.league.war
439,com.sado.avazoxun_7dan
440,com.gameartstudio.alienenemyshooterstrike3D
441,com.Goodmorning.Spruche_Und_Zitate.Share
442,com.rookiestudio.perfectviewer.donate
443,com.crezy.funy
444,com.fya.developer.app14
445,com.kauf.sticker.funfacechangerproeffects
446,com.zzangcartoon
447,com.zebrack
448,com.gamialamoidmascus.vx33
449,net.red_cat.cmdpainter
450,pe.gnomewarrior64.aircomicviewer
451,com.roundpixel.real.counter.gun.shooting.game
452,com.freedomfighter.sniper.shootinggame
453,com.gast.garden.decoration.gardening.games
454,com.shivek.ttt
455,com.cyou.cma.clauncher.theme.v546abbfc6a1112c96e9d964d
456,com.intechstudio.impossible.track.bus.drive.game
457,com.anzayapps.drawingdresssketchingideas
458,com.kabir.jokes
459,com.kiwamedia.android.qbook.comictest
460,com.pagesuite.droid.commando
461,com.goodgames.horse.racing.stickman.race3d
462,com.alek.positive
463,com.cocuksarkisi
464,com.codeminion.comichero
465,com.joydew.americanfirefighterplane
466,com.milktea.garakuta.lookmanga
467,net.ivansmedia.lifted
468,com.debjit.bongkhilli
469,com.karsoft.gercekdovme
470,br.com.app.gpu1965181.gpu537315c2c021c1bb6c36fd41e0040449
471,it.studioplatypus.lostintranslation
472,com.imageeditor.animemaker
473,com.chaina_goodmorning_best_quote_social.share
474,org.mg94c18.martimisterija
475,com.newandromo.dev27996.app608609
476,com.hutappid.emoji
477,com.circassian.chucknorrisjokes
478,com.cgs.amazinghero.vegasgangster.superherogame
479,jp.co.dwango.seiga.manga.android
480,jp.co.product.PAA0001.kn.LBSS001.OneDayFineDay.g
481,br.com.caramelup.memesstickers
482,com.chayewala.crackscreen.prank
483,com.dr.car.parking.simulation.driving
484,com.mk.top.games.real.extreme.car.parking.impossible.drive.track.crazy
485,com.tuneonn.mindtricks
486,com.jhs.police.crime.guy.chase.car.crash
487,com.wind.ropehero.windxhero.xherosuperhero.tornadohero
488,com.appmag.endless.temple.princessfinaljungleozrunfrozen
489,com.ahihi.t33
490,jp.pxv.android.manga
491,com.wallpaperworlds.pictureswallpaper
492,nz.yoozoo.caddy
493,com.instaeditor.cartoonavtar
494,com.anddev.hikayatsansnet
495,org.kobakoba.rakutenbookssearch
496,com.gamerstech3d.us.army.training.commando.courses.game
497,com.professionalgamingart.offroadschoolbuscoachdriving
498,io.github.arumoy.xkcdview
499,com.artursfer.cabodaciolosounds
500,com.endless.manga
501,com.buntoo.jet.ski.ramp.stunt.game
502,com.MayersDev.TelaAssustadora
503,com.comic.dastanpesarjahanami
504,com.test.d19msub04
505,ru.wtg.exgalleries
506,kg.Pokidoll.magicalAvatar
507,com.quraanouasil.mourad
508,com.appbunk.apps.android5d4d5b6d9f660
509,com.gabitovairat.diafilms
510,com.risk.ring.rebort.real.fight
511,com.viewer.comicscreen
512,com.ma.slitherio.warzone.crazydragonsnake
513,com.coresolhub.TheRider
514,com.adamasvision.pinguin
515,com.dynamicentertainment.superherorescuemissionanticrime
516,com.piadasdedentistas.free
517,com.kauf.talking.talkingcatvsmouse.premium
518,com.tigs.army.commando.jungle.survival.battlegrounds.tiptaptoe.ww2.war.tps.fps
519,com.tengugames.formulacar.carstunt.gt.racing.fever.apps
520,com.threedbrains.prison.escape.grand.puzzle.game
521,com.theargroup.digitalhero
522,hantaro.com.piadasboasedivertidas
523,com.robot.car.transforming.game.robot.car.ramp
524,com.techgenelu.stickersapp
525,com.gts.carrobot.transformation.robot.games.offroad.truck.simulator
526,com.extm.apps.android5d07696ee4a6c
527,com.nanitsuniverse.nanits
528,com.funny.memes01
529,com.sinty.anime
530,com.bottle.gun.shooter.free.game
531,com.comictraders.app
532,com.nokatat
533,jp.co.lngfrnc.mangadoa
534,com.gle.impossibleadvance.busdriving
535,com.access_company.android.sh_jumpstore
536,com.aitype.android.theme.kids
537,com.toonlatino
538,com.beka.book.storybook
539,com.zzangcartoon23
540,com.guten_morgen__und_guten_nacht_social.share
541,com.wisdomhouse.justoon
542,com.mk.classic.pradoparking.driving.luxury.prado.car.parking.challenge
543,com.uach.comics
544,com.la.stickersquad
545,com.sskim.webtoonlink
546,laftel.net.laftel
547,com.zzangpenguin4
548,com.gss.offroad.mountain.woodcargo.truck.simulator
549,com.expertapp.story
550,xyz.jienan.xkcd
551,com.dreamkodez.PrisonerKarateFightingKnockoutCriminalSquad
552,com.foxtoon.foxtoonapp2
553,jp.co.zitto.itsudemo
554,com.sethchhim.kuboo
555,com.rs.gt.bike.crazy.tracks.race3d.motorcycle.stunts
556,com.joydew.watermelonshootingfruitshooting
557,com.mtech.beatem.up.women.wrestling.rumble
558,lone.developer.tu.tuk.city.simulator
559,com.unosoft.ltph
560,com.duongame.comicz.free
561,com.exaevo.jokesapp
562,com.gmail.geovanneb.O_que_e_o_que_e
563,com.marvel.comics
564,com.nsg.grand.robotringfighting.game.strong.battle.boxingarena
565,com.miboo
566,com.soywiz.zipimagegallery
567,plugin.geulga.armeabi
568,com.triPcups.nadavnachmany
569,com.dccharacters.android
570,com.actioncoolgames.cover.fire.free.missions.warfare
571,com.gamestr.offroad.coachbus.mountain.simulator
572,com.nokta
573,com.zwaanaslam.FunJokes
574,free.memes
575,com.afextra.ebook
576,com.tribunegamesmobilestudios.modern.commando.action.fps.mission
577,com.mobius88.icartoon
578,com.darkhorse.digital
579,com.newnokatasa7by
580,com.techcity1990.latestfunnyshayarimazak
581,jp.lecre.android.DecoreDxStampGP10
582,com.stickman.hero.vegas.climb.rope
583,com.sumyngorodok
584,com.pk.android.jatakaTales
585,com.bangla1216.apps.banglakoutuk
586,com.mk.megaramp.carstunts.impossibletracks.rampstunts.racing
587,com.kiwamedia.android.qbook.nam0004
588,com.wallzz.wz
589,com.gisb.busracing.hillstation.coachbussimulator.driving
590,com.anomalyproductions.ComicBasics
591,com.mydomain.barzellette
592,com.pinoylovestory.pinoylovestory
593,com.sss.superhero.iron.slither.wormer.combat.iogame
594,com.bookpalcomics.single.youdieok1
595,com.reflexiones.Imagenesdeunicorniostiernos
596,com.zi.photo.videomaker.videoeditor
597,com.artware.ArtF
598,com.zzangcartoon30
599,com.gamingsqaure.Real.Gangster.Crime.City.Third.Person.Shooter
600,com.joseneto.pedro_paz_quotes
601,id.antbeedev.Kisah.Hikayat1001.Malam
602,com.xtreme.Military.IGI.Commando3D
603,com.iaan.pencilcamera
604,steady.free.mangareader.mangalove
605,com.actionadventuregames.army.war.shooting.games
606,com.ysvg2tafy.poltucomics
607,com.garciaapps.botoesdememe
608,com.sankaapps.KimonoAnimeWallpaper
609,com.newandromo.dev16759.app620071
610,com.NoFoxGiven.LSD
611,jp.co.product.PAA0002.kn.LBSS002.LittleBustersKansatsuNikki.g
612,com.us.army.stickman.lantern.crime.gangaster.gta
613,br.com.escolhatecnologia.simscat
614,com.launcher.theme.t211804461
615,com.iclassicscollection.sleepyhollow
616,mobi.mangatoon.comics.aphone.lite
617,savesim.com.greenelf
618,com.qianxun.comic
619,com.lalasoft.asksevgilpaer
620,com.wppstickers
621,com.zzangcartoon10
622,appinventor.ai_shlomirefaelAPP.l
623,dibumanga.appqkt
624,com.aakash.comicguru
625,com.gistxl.storysleep
626,com.zeebeegamerz.us.train.transformer.robot2018.autobot.war
627,com.cathstudio.komikstriplucu
628,com.picturesgamez
629,plugin.geulga.armeabi_v7
630,com.incredible_free_games.indian.tuk.simulator
631,com.book.tamilstory
632,com.zzangcartoon12
633,ox.pjjmd.PirateJewelsJourney
634,com.audiencemedia.app1224
635,com.olleh.olltoon
636,com.bfg.gorilla.rampage
637,com.greadme
638,han.dk.htx_memes
639,com.dukitan.android.bbbmeme
640,com.tillsplus.app.android5911ab84ccaaa
641,jp.co.shueisha.mangamee
642,memespack.com.br.packdememes
643,com.MayersDev.PaidasCurtas
644,com.bookpalcomics.single.yanderelin
645,org.kill.geek.pro.bdviewer
646,com.xgs.dog.racing.games.dog.simulator
647,com.actioncoolgames.counter.shoot.war
648,com.Tycoon.best.sniper.shooting.dino.hunt
649,co.ethosstudios.queencity
650,com.tuneonn.jokes
651,psv.akbar.birbal.gujarati
652,com.jain.manu.ominousbeepingapp
653,com.laravi.info.menwillbemen
654,com.personal.cartoonavatar.maker
655,com.iconology.comics
656,com.picfix.kawaiimaker
657,com.bounceback.tenaleramkikahaniyan
658,mobi.ffuuu.kukikomik
659,com.lag.ultimate.gaint.speed.hero.robot.wrestling.arena.boxing.fighting.game
660,ksa.Cartoon.songs.with.words
661,com.picknplay.real.bottleshooting2019.expertshooter
662,com.naspati.police.gansgter.chase
663,com.ajbd
664,com.kauf.talking.baum.TalkingJamesSquirrel
665,com.gameartstudio.knifebugshotantsmasherfree
666,com.cubrickInteraktive.mollyandfriendslearningtotrust
667,com.StudioHORANG.SphereToonCB
668,com.zzangcartoon6
669,com.bongocomics.futuramaland
670,com.hyena
671,icbl.itp100.android.toolbarapp
672,com.iclassicscollection.ilovecraft
673,com.zaliczenie.scraletwitchpower
674,fr.bnf.bdnf.mobile
675,com.hostwr.BestJokesFunny
676,com.kablamgames.police.robot.shark.transform.submarine
677,memetan.android.com.activity
678,com.taptoaction.Real.Gunfighter.Shooting.Strike
679,com.comicblitz.android.app
680,com.lelundidespatates.app
681,com.ragecomicfrancais
682,com.zeesha.TrollFaceThugLifeQuest
683,jp.comico
684,com.zmgc.anti.terrorist.counter.attack
685,com.gomes.wandaymo.mquininhazueira
686,com.whisperarts.kids.the39kingdom
687,com.tapastic
688,com.izamiGame.Hero
689,comics.toon.superheros.daily
690,com.army.robot.crime.simulator.robot.rope.hero.game
691,com.mj.epicgalaxywar
692,com.imageeditor.photocartooneffect
693,id.web.apdol.mobcomics
694,biz.flyingwhale.ProNamaPose
695,bluesapphire.Girlsdressup.game
696,com.maroc2020.nokat
697,com.kyawgyi.yp
698,com.applepie4.branch
699,com.chester.comix
700,app.game.rentaapps
701,com.milliongames.battlegroundopenworld
702,com.Carzy.Games
703,com.actioncoolgames.grand.gunner.survival.games
704,com.royal.games.hungry.wolf.wolves.wild.ultimate.simulator.hunter
705,com.osmartapps.whatsagif
706,jp.co.product.Maple001.g
707,com.sagagames.crime.fighter.action.kill.hero
708,kr.co.dwci.jjang
709,com.aafi.paheliyonkaencyclopedia
710,pixel.comic
711,scary.granny.gta.armygranny.city.crime
712,com.eg.border.police.dog.duty.game
713,com.test.d14wsub05sc
714,com.bookpalcomics.single.yandere2
715,com.jojofp.winterhwallpapa
716,com.Ppocketdinosaure.Catnoir.serinhorror.Pocketheadhorrorgame
717,com.ge.real.robot.shooting.strike
718,asoftapps.thamashatrolls.proverbsandquotes.funyjokes
719,com.dukitan.android.futmemes
720,com.quraanchatiri.mourad
721,com.gfs.racingarena.extremedriving.racinghero.drivingadventure
722,com.ahijazi.juhaa
723,br.com.meadme.knockknock
724,com.andromo.dev663676.app676569
725,com.mrblue.android.harlequin
726,com.hustay.swing.d80fbef6b898f4aea94de1f263cb1e818
727,br.com.app.gpu1881270.gpu41b9ee2aa94482b73380fc9055aadcd1
728,marquinho.compartilhador
729,com.revel
730,com.royalgames.hunter.assassin.spiderman.rope.hero
731,ca.faizlami.post
732,com.naver.linewebtoon
733,com.romero.animes
734,com.en.manhua
735,appinventor.ai_rrezartmalltezi.mangaseeker
736,app.masterbricks.comics
737,com.animalfs.dragon.rampage
738,com.dunkrest.princess.candy.sweet.crush.match3.free
739,br.com.umsabadoqualquer
740,shreenath.tagalog_movie
741,jp.co.shueisha.mangaplus
742,com.newandromo.dev684755.app815121
743,jp.co.shueisha.youngjump.android
744,com.colorjoy.learn.to.draw.glow.comics
745,com.dmw11.i18n.app
746,ru.alexangan.developer.idiomswidget
747,com.streetlevelherola.app
748,com.doll.maker.avatar.creator
749,com.hermes.rodrigo.comoequal
750,com.shockdom.yepcomics
751,ru.brainix.xkcd
752,com.okmcworkshop.dogdogcomics
753,com.xinlan.cartoon77
754,blum.roei.metumtamon
755,com.bomb.app.whatsss
756,com.lgs.real.robot.strike.fps.war.shooter.terrorist.counter.game
757,org.android.deggial.gunshowreader
758,com.grahamcracker.graham
759,com.wad.nafash
760,dmw.mangacat.app
761,com.nokturnalmortum.kerum
762,com.Joker.alttarikh
763,com.comicbase.ComicBase
764,com.jhs.wonder.women.stick.man.hero
765,us.fakevideocallingprank.jasonfriday
766,com.devadroid.getwellsoonwishes
767,com.mangamo.app
768,com.magzter.jatramarathi
769,net.daum.android.webtoon
770,appinventor.ai_itiotajasp.aliensjokeGO
771,com.appybuilder.khongtulinh113.ThanDongDatViet
772,com.kaddua.childstories_hi
773,com.edensoftt.stickersgatitos
774,com.flying.hero.crime.city.theft
775,com.keycollectorcomics.keycollector
776,io.ikumyo.mangatrkye
777,com.tigs.wilddinohunting.fpshuntinggame.snipershooter.topfreegames.dinohunter.dinosaurgames.dinosaurhunter
778,com.esp.real.moto.bike.stunt
779,jp.co.product.LBSS003.g
780,com.kiri.comeme
781,com.comic.mardeahani
782,com.createappv2.audiadis
783,com.andremion.heroes
784,com.fulldome.mahabharata
785,com.jmsys.oldani
786,com.dubaiworld.bres
787,com.alwaysthesameblueskytd.android
788,com.ggs.offroadjeep.mountaindriving.racingsimulator.games
789,com.jmt.emma_goodluck
790,som.de.radio
791,com.fantasticactiongames.carparking
792,com.dingbat.police.chase.horse
793,com.mms.car.shift
794,com.bfg.superherobus
795,com.kt.ollehcontentsbox
796,sky.com.comedystory
797,com.komix.club
798,funny.perica.jokes
799,net.kervala.comicsreader
800,com.androidserenity.comicshopper1
801,com.am.monster.truck.robot.transforming.futuristic.robot.battle
802,br.sevendev.useless_app
803,com.rebellion.app2000ad
804,com.car.robot.transporter.shooter.truck
805,com.anquiz.animequiz
806,com.duongame.comicz.pro
807,com.appbunk.apps.android5d5a51ddef1b4
808,air.bahraniapps.drawexpressivecomics
809,com.kiwamedia.android.qbook.nam0002
810,com.toomics.global.google
811,com.zillherite.e1.lycorisanimelive2dwallpaper
812,com.skitchatbassou
813,com.sss.real.robotsteel.ring.fight.world.boxing.championship.battle
814,com.joydew.pradowashservice
815,com.ifuncreator.tanimewall
816,com.sfgs.superhero.hero.survival.city.battle.shooting
817,com.topshooting.boxing.kungfu.herogames
818,com.fortunestudios.snowheavyexcavatorloaderSimulator
819,com.jokijoki.dailybearpaint
820,com.techmarflex.dinosaur.hunter.sniper.shooting
821,com.special.ops.modern.combat.missions.game
822,com.RaceStorm.flying.hero.games
823,com.rookiestudio.perfectviewer.donate2
824,com.yumpumgames.realsuperhero.crimeangel.streetcriminal
825,com.bookpalcomics.single.psycho
826,fr.bnf.bdnf.tablet
827,com.andromo.dev722938.app988027
828,com.robot.transform.tech.grand.robot.superhero.street.crime.punch.fight.combat.battle.city.game
829,com.cliqeducation.majedaarstories
830,com.whisperarts.kids.neposeda
831,com.enscyd.photoon
832,com.tengugames.car.monster.driving.crazy.stuntscom.tengugames.car.monster.driving.crazy.stunts
833,com.car.simulator.DoDaaa.SuvPrado
834,com.Dotline.Police.van.car.driving.game
835,com.n3t0l0b0.blogspot.pe.activitys
836,com.gamingdreamerz.emergencydriving.ambulancedriving.rescuesimulator.stickmangames
837,air.bahraniapps.comicpagecreator
838,id.web.apdol.sektekomikzone
839,com.henna.coder.hee_haw
840,com.eigomanga.vr
841,com.domobile.aut.cchalkdoodle
842,com.toomics.zzamtoon.google
843,com.pocket.gear.comics
844,com.dreamtechstudio.heavyexcavatorsimrealexcavation
845,stripovi.online
846,com.joejingru.appgirl
847,com.mk.impossibletracks.kid.bmx.bicycle.tricky.stunt.games
848,jp.co.product.LBSS005.g
849,com.gamesclub.companion.shooting
850,com.magzter.champaktelugu
851,caneta.azul.appid
852,com.csmart.cartooncomic.stripmaker
853,com.anomalyproductions.FTLUAR
854,com.theagoliddell.hackrapp
855,com.goldenmob.gifs
856,com.viitle.raccoltadyd
857,com.vizmanga.android
858,com.ss.flash.robot.speed.hero.rescue.mission.games.free
859,hr.apps.n194044
860,com.serahnabi1
861,de.casparwre.insult
862,com.filous.Grand.superhero.survival.mission.ambulance.rescue.flyingiron.robots.grandcity
863,pl.jpcodetask.xkcdcomics
864,com.domobile.sut.cchalkdoodle
865,air.com.blueart21.scary
866,com.atgs.flying.rope.lightning.speed.hero
867,com.bookpalcomics.single.islovercorrect
868,cc.animeclick
869,com.saorakahaf.app
870,com.threedbrains.scary.eye.the.horror.house.games
871,com.berteodosio.sonstv
872,com.qubitart.beyondmanga
873,com.chistes.mayka123
874,nightcrawer.colorbynumbers.mangapixelart
875,com.mk.armyflyingbus.warmissions.rescuebus
876,com.dunkrest.FruitJerryCandyIsland.ABpuzzlelegend.FruitBlock.free
877,com.lag.flashhero.shooting.lighthero.speedrobot.flashcrime.cityrescue
878,rojs.nokturnalmortum.com.rojs
879,com.ilmasoftarabic.puss_in_boots_ar
880,com.bfg.goat.rampage
881,com.mayhem.rpg.jet.sky.war.fighter.airplane.shooting.combat
882,fi.sanomamagazines.lataamo
883,com.ironboy.stickman.rope.hero
884,com.tanasi.mangajap
885,net.sabro.juegovolador
886,com.keirs.ex.evilquotes
887,com.moyui.mangalife.app
888,com.laar.kung.fu.ninja.fighter
889,com.gns.TreeRevenge
890,io.kodular.rujiahmed8230.joke
891,com.grandrapids.comiccon
892,com.bearious.jcomics
893,com.bat.rope.hero.stickman.gangstar.crime.game
894,com.hutapp.memesbr
895,com.gestionnaire_bande_dessinee
896,fire.games.strange.spider.rope.hero
897,com.Spruche_und_Zitate.share
898,com.ch2ho.hybridshop.ebstoon
899,com.waci11.MuOuRen
900,com.ia2.amp
901,photo.smile.comic.dragonz
902,com.tigs.horseracing.horsejumping.horsegames.horserival.horsestunts.horseworld.showjumping.myhorse.horsehotel.horsestable
903,com.mayhem.robot.ring.fighting.robot.war
904,jp.co.product.LBSS004.g
905,com.comic.dastanroohsavar
906,com.alpha.comic.games.topfreesimulatorgames.angry.police.dog.army.trainig.criminal.attack.chase.car.games
907,com.memes.lifeimpostors
908,com.right.to.develop.impossible.tracks.sports.car.racing.stunt.master.game
909,com.sgs.granny.evil.scaryteacher.pennywise.hauntedhouseescape.creepy.grandpa
910,com.ozs.houseoffun
911,com.jasonrpuckett.heroapp
912,com.gr.war.robot.flying.shooting
913,kr.co.dcworks.naruto
914,com.ionicframework.funnypiadas
915,games.agilegames.gt.car.racing.fever.car.driving.simulator
916,com.hijoy.raymangahd
917,com.mayhem.city.drone.counter.attack.rescue.mission
918,com.zzangcartoon13
919,com.ssg.endless.real.temple.princess.royal.oz.castle.snow.dragon.escape.game
920,com.pg.bus.driver.passenger.transport
921,de.my2share.app2900
922,games.apps.android.com.anecdote.free
923,com.favorite.nokatapp2020
924,com.tiagohs.rabiscoStickers
925,com.zzangcartoon28
926,net.laftel.tvapp.gts
927,com.aerilys.acr.android
928,com.innventera.Roll.Balls.Game
929,com.mycomiczul.t140905
930,it.dshare.topolinoco.android
931,com.krizlard.ultimate
932,br.com.ideiamob.panelaco
933,kg.incredibleimpossible.bottlegunshoot
934,com.grand.robot.hero.speed.captain.robot.game
935,com.gamegame.car.stunts
936,com.epic_games.wrestling.superstars.tag.team.ring.fighitng
937,com.dottodot.animalcolorbynumber
938,com.novagecko.memedroidpro
939,jp.inc.nagisa.mangapf
940,com.zzangpenguin1
941,ru.androidtools.comic_book_magazine_reader_cbr_cbz
942,com.ola
943,org.pacote.android.apps.charadas
944,com.vornes.gasapp
945,air.com.touchmultimedia.comicpuppet
946,com.novel.comics
947,com.noraoni.ScarletFiles2019
948,de.tap.easy_xkcd
949,com.aitype.android.theme.comics
950,com.apexgames.car.transform.robot.horse.game
951,com.anomalyproductions.showcase
952,noad.geulga
953,com.livingabook.playwithtime
954,com.Ppocketdragons.Ppocketdinosaur.catchdinosaur.Mergedragons
955,com.allskreen.webtoon
956,com.dev.comic.reader
957,insystech.tufaani.Jokes
958,com.gshg.grand.uspolice.robot.transform.bike.spy.mission.battle.crime.city.game
959,com.leading.games.gt.car.racing.rush
960,com.marvel.unlimited
961,com.light.speed.robot.hero.gangster.crime.city.game
962,com.artfc.faceart
963,com.gv.sniper.animal.hunting
964,com.last.player.survival.unknown.battleground
965,appinventor.ai_franckhuot.bd
966,com.dukitan.android.bolsonaromitagem
967,io.kodular.otioemmanuel.TalkToMe
968,com.OphirSheriff.TheNowhere
969,com.app.garcelife
970,com.tigs.zoo.animal.transport.truck.cargo.simulator.city.safari
971,com.addukkan.sis
972,com.kauf.weapons.gunsanddestruction
973,com.minikara.avatargradle.android
974,net.latticerose.dreamkeepers
975,com.zzangcartoon29
976,com.MayersDev.IndiretaseDiretas
977,com.k2games.bike.stunt.parking
978,com.avatarmaker.cartoonmaker
979,air.com.studiopango.pangocomics
980,com.xerseys.baankelalcomics
981,com.ikeyboard.theme.bitworld
982,pl.helion.zenjobs
983,com.zzangcartoon34
984,com.barrionoevo.TROCADILHOS
985,com.kauf.imagefaker.photofunfunnypicscreator
986,appinventor.ai_leonardofreitascarneiro.nao_fui_eu
987,dev.kraimoz.mangex_studio
988,net.mangahive.app
989,com.caramelup.bolsonaroaudiomemes
990,jp.vmotto.novel.planetarian
991,com.prontoappcreator.builder5c05564f28ef8
992,br.com.escolhatecnologia.eaipah
993,net.bytten.xkcdviewer
994,com.thomaskanzig.piadasnahora
995,com.madefire.reader
996,com.PLASTIEK.PLASTIEK
997,br.com.rogerionapoleao.frasesdeboteco
998,net.manta.comic
999,com.ahfad.mainscreen
1000,com.real.robot.ring.fighting.robot.ring.wrestling
1001,com.HM.AR2
1002,com.md.waterflowpuzzle3D
1003,com.pressmatrix.ovwkiosk
1004,es.itbook.pilladaporti
1005,com.camaro.tom
1006,com.mk.crazy.city.car.driving.top.games.highway2019
1007,com.zzangcartoon39
1008,com.br.mensagens.bomdiaboatardeeboanoite
1009,tamiljokes.vidukathai.thathuvam
1010,com.xerseys.indiansuperheroes
1011,com.impossible.stunt.track.racing
1012,io.kodular.jagadish3421.ShayariApp
1013,com.devadroid.gazalshayari
1014,com.ammaradel2020.bt
1015,com.zzangcartoon27
1016,air.rascunho
1017,com.contentsfirst.tappytoon
1018,com.r4dugames.loginrcov
1019,com.app.animebbanime
1020,com.astrocrow.liberty
1021,br.com.aplicativoslegais.cantadaslegais
1022,com.printandpixel.pageflip2
1023,com.shiko.somitube
1024,meanlabs.comicat
1025,us.heroman.mafia.crime.rope.heros.superheros
1026,jp.mediado.mdviewer
1027,jp.lecre.android.DecoreDxStampGP6
1028,com.zillherite.e1.eveanimelive2dwallpaper
1029,jimmar.net.xkcdxd
1030,com.pioneer.horrorlife
1031,com.akanduuncore.uwa
1032,com.xin.listview_work
1033,com.mk.impossible.bikestunts.trickybike.rampstunt
1034,com.breakassault.assault.jail.prison.plan.run
1035,com.Zitate_Sprche_Leben_social.share
1036,com.fortunestudios.usarmycommandotrainingmilitarycamp
1037,com.teamtechstudio.counter.terrorist.specialops.shootinggames.battleground
1038,nz.yoozoo.gianteagle
1039,gurukula.com.indiancultureonline
1040,com.gntech.driftcar
1041,com.letiarts.afrocomix
1042,com.cguardia.camicamilastickers
1043,com.thumsoft.automatic.car.wash.service.station2019
1044,tw.com.doujin.mobile
1045,com.peppractice.limitless1demo
1046,com.mk.ultimate.futuristic.flying.real.bus.driving.games
1047,kg.tech.militarycomando.mission
1048,com.wind.magical.rope.hero
1049,com.fighting.club.body.club.fighting.game
1050,com.pgs.robot.firefighter.truck.emergency
1051,com.whermesworks
1052,brutal.fighter.freegames
1053,ru.spdapps.spudidraw
1054,io.madhank93.fluttermvpillustrativeapp
1055,com.app.mangame
1056,com.roundpixel.top.speed.train.driving.simulator
1057,com.zzangcartoon20
1058,com.app.drivertaygon
1059,com.nicoarvani.fridapingostickerpack
1060,cricri.danielmsouza.com.br.cricri
1061,com.chatty.comics
1062,com.dylix.comic_reader
1063,com.iamsteve.android
1064,com.comicmemecartoon.comicmemescarttonmaker
1065,com.mangaforallonilnepdf.app
1066,com.zzangcartoon16
1067,com.dynamicentertainment.uscopcar
1068,app.seeneva.reader
1069,com.devlomi.geekscomics
1070,com.tps.night.die.scarygranny.excape.game
1071,com.boudy.a2001.ed7ak
1072,com.magzter.champaktamil
1073,com.juanarchilaemprende.imagenesdegacha
1074,com.gts.monstertruck.driving.extreme.crazy.truck.stunts
1075,solutions.thinkbiz.comicskin
1076,io.github.iamriajul.hashirbaksho
1077,com.diytechstudio.aweomeprintabledesignideas
1078,com.iclassicscollection.idoyle
1079,com.freakgames.formula.car.racing.cahmpionship.grand.racing
1080,com.animalfs.lion.vs.tiger
1081,com.wavemining.kittens
1082,com.keyspice.zombiecomics
1083,learn.to.draw.glow.cartoon
1084,com.newfreegames.real.robot.wrestling.champion.ring.fighting.game
1085,com.appfund.hhh.aoman
1086,com.dp.shiptransportsimulator
1087,com.oneup.survival.fortnight.shooter
1088,com.azacusgamingstudio.haytransporttruckdriverfarming3d
1089,com.extreme.city.gt.racing.stunts.car.stunts.d.game
1090,ma.lool.noukatmaghribiya
1091,combat.critical.strike.war.counter.attack
1092,com.comixv
1093,com.magzter.champakgujarati
1094,com.edgewalk.annabel
1095,com.shakeelashraf.scaryprincessfinalrun
1096,com.PocketDinosaur.PocketHorse.Pocketdexpony.Ponygo.Pkb
1097,com.test.iflavor01
1098,com.librarypass
1099,com.zzangcartoon2
1100,com.santa.rescue.fire.truck.driving.rescue.fire.games
1101,com.peeka.counter.Strike.terrorist.fps.special.fight.force
1102,org.jmpbk.africa.kusaal
1103,com.kotculdesac.beta
1104,fun.free.robot.ring.fighting.games.battle
1105,com.tigs.jungle.deer.hunting.games.deerhunter.wilddeer.fps.tps.shootinggame.sniper.animalhunting
1106,com.artefacts.comicapp
1107,com.test.f10mTestapp_01_1
1108,com.fortunestudios.heavtladderfiretruckrescue
1109,com.webkkomiks.webkomph
1110,com.ddstrip.app
1111,com.hutappid.catstickers
1112,com.creative.Learn.to.draw.princess
1113,com.funshootinggames.prisonbreak.escape.jail.action.game
1114,com.best.bottle.shooter.free.gun.game
1115,jp.co.nttdocomo.ebook_t
1116,air.net.e_hearts.YoomMangaFree
1117,co.pamobile.pokemon.cardmaker
1118,com.testtv.c24matv8df
1119,com.dupuis.webtoonfactory
1120,com.vittarstickers
1121,com.test.f10mglesversiondf
1122,home.ddlove
1123,example.afandilatifalari
1124,biz.flyingwhale.ProNamaPoseLT
1125,com.ahmed.salah.nokatapp
1126,com.orotti.apps.malayalamtonguetwister
1127,com.novelss.weread
1128,com.threedbrains.heavy.excavator.simulator.dump.truck.games
1129,com.tbabadev.app24
1130,com.toryworks.torycomics
1131,com.GoldFishIndustry.BOX
1132,com.titan.wild.jungle.animals.transport.simulator
1133,com.access_company.android.sh_hanadan
1134,com.st.wifi.password.hacker.prank
1135,com.anomalyproductions.SonataAR
1136,com.zosoft.zotoon
1137,com.bg.monster.royale
1138,jp.lecre.android.DecoreDxStampGP5
1139,top.fumiama.dmzjweb
1140,com.goodmorning_thai_social.share
1141,com.tap2games.city.tuk.tuk.rickshawdriving
1142,kr.co.dwci.yulhyulgangho
1143,com.threedbrains.paintball.shooting.arena.games
1144,com.hypersquadgames.city.rooftop
1145,com.asmody.superhero
1146,net.ducksmanager.whattheduck
1147,fr.casusbelli.nouvellespages
1148,de.vde.donnerwetter
1149,com.thomaskanzig.videosloucosengracados
1150,com.zg.dinosaur.hunter.wild.jungle.animals.safari.free.apps
1151,com.appmag.templelostozrun
1152,com.ezne.easyview.pro
1153,my.geulga
1154,com.zzangpenguin3
1155,com.chaima.bolum.belle_sebastien
1156,com.pt.ghost.hunter.shooter.shooting.games
1157,com.gistxl.busy
1158,com.bookpalcomics.signle.delicious
1159,com.vgs.counter.terrorist.attack.death.game
1160,com.commics
1161,com.tgs.dinosaur.simulator.jurassic.survival.dinosaur.game
1162,it.smile.dragon.lakesadventures
1163,com.hrodapps.cartoonfartsounds
1164,com.bittax.witchland
1165,com.dinnbo.dinnbo
1166,com.iron.stickman.rope.hero.crime.vegas.mafia
1167,com.mocomics.showcase
1168,org.kill.geek.bdviewer
1169,com.creativecode.dumptrump
1170,net.knowledgefox.adlerlacke
1171,com.river.comics.us
1172,com.tokyocoldstudio.lostAtlantis.GemsSwap
1173,com.at.meme.maker
1174,com.andrea.mylistmanga
1175,com.tigs.animalhunting.wildhunt.animalhunter.wildhunts.fps.tps.shootinggames.forestanimalhunting.freefire
1176,eu.bandainamcoent.LNDC
1177,com.ciprian.elfwood
1178,malamado.melhortime
1179,com.animalfs.hippo.rampage
1180,com.appybuilder.binjupreeti.panchtrantrakikahani
1181,com.wong.peanuts
1182,example.hikmatlarxazinasi
1183,com.joydew.realgunbottleshootersimulator
1184,com.artursfer.futsounds
1185,com.goodbarber.blackstreak
1186,com.qre.stunt.bike.race
1187,com.gms.crazy.car.driving.tracks
1188,jp.co.manba.android
1189,com.fighting.car.robot.transporter.truck
1190,singhasanbattisi.surenapps
1191,com.rope.man.crime.city.hero
1192,com.crunchyroll.crmanga
1193,vn.appstore.kanjilookandlearn
1194,jg.mototrafficrider.attack
1195,mangatutorial.drawanime
1196,com.supermarket.smart.taxi.driving.simulator
1197,com.event_lucky_war
1198,com.sundev.memestickers
1199,com.rebellion.rotr
1200,com.zadornov2.yumor
1201,jp.co.hps.comic.portal
1202,com.comicstoon.comicstoonapp
1203,com.zzangcartoon21
1204,com.sfgs.free.fire.war.squad.survival.battlegrounds
1205,com.buongiorno_buonpomeriggio_buonasera_buonanotte.share
1206,com.kanman.cattoon
1207,net.jp.apps.naoki.fujiwara.daiadv
1208,com.maraki.amharic_fun
1209,br.com.henrique.piadasdahora
1210,com.gvtech.funnystoryinhindi
1211,com.m2action.deadtown
1212,com.gisb.archeryshooter.ninjamaster.shadow.survival
1213,com.bom_dia_boa_tarde_boa_noite.share
1214,com.anomalyproductions.AnomalyTheRubiconAR
1215,com.zzangpenguin2
1216,com.droidkapps.seumadrugawidget.full
1217,com.iclassicscollection.ipoe3
1218,com.newput.tinyview
1219,com.comicslover.bankelalcomics
1220,com.joydew.duckhunting
1221,com.infinityapp.tempaty
1222,com.extreme.game.tap.luxury.prado.car.parking
1223,com.rekios.manganowakukafreeversion
1224,com.gns.excavatorsimulator.rock.mining3D
1225,com.joomag.previews
1226,anime.manga.wallpaper.EpicUndertalehdWallpapers.myappEpic_Undertale_hd_Wallpapers
1227,com.bony.dragon
1228,com.Driver.AwesomeStuntsTrack
1229,com.mayhem.military.base.anti.terrorism.commando.mission
1230,com.horror.stories.ycdkrezemzrufsmmphiw
1231,com.zzangcartoon33
1232,air.bahraniapps.comicspanelcreator
1233,com.rookiestudio.perfectviewer.pdfplugin
1234,com.spotongrading
1235,com.gexlinc.comkai
1236,com.test.d42wsub04
1237,com.vgs.scary.lion.city.attack.game
1238,com.ilmasoftkids.three_bg_fr
1239,com.gamegame.counter.terrorist.army.sniper.commando
1240,com.horse.archeryshooting.rangeshooter
1241,com.zzangcartoon15
1242,com.kitecomix.stickerapp
1243,com.zzangcartoon26
1244,name.isral.mangareader
1245,com.sourcefixxer.gallery
1246,com.gau.go.launcherex.theme.launcherforandro
1247,sunnary.bibleforchildren
1248,com.mc.crazystunt.impossiabletracks.cardriving.supercarracing2019.adventure.game.free3d
1249,com.devadroid.hindikahaniya
1250,nl.afuk.rinzeopreis
1251,com.criadordememes
1252,com.silvainmonney.matieresnoires.google
1253,com.zzangcartoon8
1254,com.egysoft.mickey
1255,com.access_company.android.shmg_store
1256,com.grandgamerz.grand.dragon.fire.simulator.epic.battle
1257,com.navin17917.H
1258,com.mayhem.ultimate.city.gorilla.rampage.smasher
1259,com.prisoner.shooting.survival.battleground
1260,com.orix.sinhalafunposts
1261,com.gamenumber34
1262,com.jhs.water.pool.party.battle.war
1263,br.com.andrelinosilva.app.piadasfamilia
1264,com.picknplay.fpscounterattack.freeeliteshootinggames
1265,com.milefungames.cargotrain.cartransport.freetraingame
1266,com.mrblue.mrblue
1267,com.creative.Learn.to.draw.comics
1268,com.eg.prisonescape.jailbreak.simulator
1269,com.rh.origins.mission.counter.terrorist.igi
1270,com.dfet.boring_app
1271,com.nkg.extreme.derby.monster.truck.crash.racing
1272,com.rain.gold.robbery.newrobbery.train.shooting.games
1273,com.anomalyproductions.ShifterInteractiveGraphicNovel
1274,com.appstoochi.otakuote
1275,com.smashing_free_games.impossiblecarstunts.monstertrucks.cardriving.simulator.apps
1276,com.andromo.dev353832.app484682
1277,com.comichaus.app
1278,com.mm.virtual.farmer.sim
1279,id.web.apdol.sektekomiklegend
1280,com.wb.goog.dcuniverse
1281,to.sdm.teddifavola
1282,com.progdigy.cdisplay.free
1283,com.roundpixel.monster.hunter.simulator.jurassic.adventure.game
1284,com.mayhem.doctor.robot.animals.rescue.games
1285,vn.hdisoft.hdcomic
1286,alpha.hd.anime.girls.wallpapers
1287,com.skollabs.funnypro
1288,com.topfreegames.gt.car.stunts.demolition.racing
1289,com.aprilius.komik.romantis
1290,com.bookpalcomics.secretlove
1291,com.rondivo.apps.sardarcomedy
1292,tukiosko.dehistorietas
1293,com.comic.comicer
1294,com.truyenngontinhchonloc.amdatramluan
1295,com.bytebox.stickman.warriors.fighting.rescue.hero
1296,com.thegamescity.robot.wind.hero.simulator.ring.fighting
1297,com.gamesentity.hitman.last.fight.battleground
1298,com.draxters.TukTukSimulatorRickshawJungleAdventureDrive2019
1299,com.phoenix.comic
1300,com.apps.koomik
1301,com.alek.smile
1302,com.remind4u2.sounds.of.letters.alphabet.kids
1303,com.gentle.ppcat
1304,com.hero_games.island.sniper.shooting.marksman.army
1305,com.gagglesmobile.naijacomedyvideos
1306,com.bookpalcomics.single.yandereog
1307,com.kauf.talking.baum.talkingbabsybabyatthezoo
1308,com.martimisterijastrip.app
1309,malamado.sharealaugh
1310,info.fenix.app.ponnazhagi
1311,com.sobrinho.centraldefigurinhas2
1312,com.EstudioElZurdo.RIP_DEMO
1313,com.sfgs.fighting.games.wrestling.club
1314,com.hypergamers.superhero.flash.tricky.bikes.stunt
1315,shreenath.south_movie
1316,com.ftg.world.tag.team.stars.wrestling
1317,com.jonagame.GuideShoe
1318,com.delios.stanlee
1319,malayalam.kerala.likhil.chalikal
1320,com.awing.tossthebuddy.kick.buddyman.throwing.game
1321,broderik.critico
1322,com.dingbat.extreme.car.racing.stunts.simulator
1323,com.impossible.tracks.bicycle.rider
1324,com.exevio.comicmania
1325,air.com.winkypinky.iceprincessmakeupsalonforsisters
1326,com.grand.samplestickerapp
1327,com.MayhemStudio.IGIJungleCommando
1328,com.raitech.advanturehindicomics
1329,digital.neuron.bubble
1330,com.critical.sniper.gun.strike.real.shooting.game
1331,com.andromu.ztcomics
1332,com.bdouin.apps.muslimstrips
1333,com.xin.comic_book
1334,com.yum.pum.games.uspolice.bike.robot.transform.robot.fight.simulator
1335,com.qre.Extreme.Fast.GT.Car.Driving
1336,com.ookbee.ookbeecomics.android
1337,com.pt.train.kid.dragon.simulator
1338,com.artursfer.silviosounds
1339,com.app_txmotorplex.layout
1340,shreenath.marathimovie
1341,com.fga.amazing.princess.endless.temple.street.chase.game
1342,com.PixelXinteractives.jurassic.world.dinosaur.hunter.games
1343,com.helyxapps.malayalamstories
1344,com.i3lamiat.jawaj
1345,jp.co.goodroid.comickaiware
1346,com.xerseys.thevintageindrajalcomics
1347,com.actionandracing.gtcars.extremecity.megaramp.carracing
1348,com.onmushroom.android.app
1349,com.akaya.akayamedia
1350,com.exevio.mountaincomics
1351,com.rsg.grand.ultimate.robot.car.transform.city.battle.shooting.fight.simulator.games
1352,manga.tachiyomi.com
1353,com.naspati.shark.robot.transforming.fighting.shooting.game
1354,org.jmpbk.europe.polski
1355,com.geeksrepublic.app
1356,com.ilmasoftarabic.yearoftheelephant
1357,com.gamerglam.counter.terrorist.commando.robot.fps.snipergame
1358,org.jm.czech
1359,com.comic.myapp
1360,stts.com.br.coachquantico
1361,br.com.criandobits.perolasdadilma
1362,com.phearme.comixkcd
1363,com.vm.vamosmanga
1364,com.topshooting.royale.sniperarena.sniperkiller.sniper3d
1365,com.grasspalm.chandamama
1366,br.com.escolhatecnologia.voztradutor
1367,mensagens.imagens.bomdiatardenoiteamor
1368,com.ideepro.hindicomiclibrary2
1369,com.real.stunts.horse.riding
1370,com.h2bromedia.android.htoon4
1371,com.bitzstudionewgame.probluehedgehogsonicruns
1372,dp.catcoloringfun.paintingbook
1373,com.zzangcartoon24
1374,com.lezhin.comics
1375,com.createappv2.geneve_restorants
1376,com.tmobs.hoc
1377,com.megaminds.real.bottle_shooter.runner.action.free
1378,com.seikonime.lovers
1379,com.avaz_oxun.kulib_yashaylik
1380,com.topfreegames.secret.prison.escape.mission.agent
1381,com.exien.webtoon
1382,com.shonenjump.rookie
1383,com.berteodosio.sonspoliticos
1384,com.lithiumdevcom.judaishayari
1385,com.defmaks.lovelas_o
1386,com.access_company.android.sh_jumpplus
1387,com.pv.counterstrike.actionwar.newactiongame.gungame2021.newshootinggame
1388,com.aprilius.komik.lucu
1389,be.stripmunk.stripmunk
1390,de.heinrich.webcomicviewer
1391,es.jmoral.ozreader
1392,com.bookpalcomics.single.firstlove
1393,com.bfg.crocodino
1394,com.bl.swat.strike
1395,app.com.asn.zapzuera
1396,com.cradley.animal.cart.ramp.stunts
1397,com.robot.transform.war.robot.helicopter.game
1398,com.bdovore.phone.android
1399,com.grand.prison.escape.jail.breaker.adventure.game
1400,com.my.newprojectadesaga
1401,air.com.designersofcode.lovecraftcollectionvol1
1402,com.annabluecomicreader
1403,com.biggamers.superhero.flying.hero.fly.game
1404,gr.thelastdodo.chaniartoon
1405,com.motivational.akbarbirbalstoryenglish
1406,com.bovolenta_roberto.Welcome_to_Nightmareville
1407,com.tribunegamesmobilestudios.devil.superhero.angelscrime.city
1408,com.andromo.dev663676.app657192
1409,com.cobit.monarchprices
1410,com.flying.ninja.superninja.hero.rescue.survival.game
1411,com.bfg.armytraining
1412,com.iclassicscollection.canterville
1413,com.teamapps.bestfunnyapp
1414,com.robot.tornado.transform.shooting.game.grand.robot.fight.war.city.battle
1415,com.tiagohs.stickers
1416,com.epic_games.impossibletracks.stuntdriving.monstertruck.rampstunts.racing
1417,mj.jellyfish.runaway
1418,mobi.mangatoon.comics.aphone.portuguese
1419,com.stickman.car.driving.newdriving.taxi.driver.game
1420,com.pulinzhir3.ssmanga
1421,com.bp.real.counter.terrorist.fps.shooting.strike.mission
1422,com.simplecomicManga.simplecomicmanga
1423,fr.airweb.izneo
1424,jp.d_room.books
1425,br.com.marcel.testedefidelidade
1426,com.nunchukProgrammers.makeHerLaugh
1427,com.neoman.sequencer
1428,jp.co.rakuten.rmanga
1429,ru.myappbook.ZnachIgrCartSovet
1430,com.gms.animal.hunting.sniper.hunter.safari.shooter
1431,com.GethukMedia.KomikAlkitabAbraham
1432,com.ngs.amazing.endless.temple.princess.finaljunglerunninggame
1433,com.playcreatividad.ipoe2
1434,salehagroup.jokesbengalibest
1435,com.DrawingMangaCartoon.bintangapp
1436,com.rekios.syuuchuusen
1437,malamado.badhoroscope
1438,com.prison.breakprison.grand.jail.escape.game
1439,com.applemint.moewallpaper
1440,com.megagamesclips.mega.ramp.stunt.car
1441,com.oneup.call.of.fury.two.hostage.rescue
1442,com.ageofgamers.kungfufightingchampions
1443,net.yeastudio.toonColor
1444,com.zillherite.e1.livelyanimelive2dwallpaper
1445,com.cryogenlab.yugioh.cardmaker
1446,app.comicrun.mobile
1447,comics.manga.reviews.toon
1448,com.vardex.fun_ar_jokes
1449,com.TLAXCALLAN.TLAXCALLAN
1450,com.dorime
1451,air.com.blueart21.gorogoroennare
1452,com.application.mangame
1453,com.techmarflex.fantasy.animal.sniper.hunter.shooter
1454,org.lucius.crazybricks
1455,com.nhn.android.webtoon
1456,com.sakanack.mangainformation.release
1457,com.ymabyts.indonesianjokes
1458,com.CeritaMisteriTerbaik.azzamapp
1459,com.roxia.easycomicviewer
1460,com.grasspalm.gpcomics
1461,com.avaz_oxun.samimiy_kulgu
1462,fr.smallbang.phallaina
1463,com.whakoom.app
1464,com.sketchpunk.ocomicreader
1465,com.threedbrains.antiterrorism.freefire.callofwarww2.counterattack.commandomissiongame
1466,jp.co.harlequinlibrary.bookshelf
1467,com.anddev.kisasfrar
1468,com.tap2fun.military.coachbus.drivingsimulator.pickdrop.games
1469,com.thorsdayorigin.comicreleasedatetracker
1470,com.medtodev.milesmoraleswallpaper
1471,com.xtreme.flight.pilot.simulator.ultimate
1472,com.tbabadev.app26
1473,com.raytoons.quackupcomic
1474,dmw.comicworld.app
1475,com.bit.yotepya
1476,com.wastickerapps.dinosaur.stickers.dino
1477,com.mayhem.us.army.missile.attack.ultimate.war
1478,com.srivarious.hilarioushodja
1479,com.zzangcartoon25
1480,com.action_games.wild.hunting.deadly.safari.hunter.games
1481,com.innerloop.impossible.tracks.car.racing.stunts.game
1482,com.afashatface
1483,com.kiwamedia.android.qbook.TTW0001
1484,com.karikatur.hane.vt
1485,com.comicola.app
1486,com.testgrul
1487,com.develop.chandamamahindi
1488,com.alienthink.posetool3d
1489,com.magzter.mightyraju
1490,bnctechnology.fart_prank
1491,com.aap.all_movie
1492,newscreams.com
1493,br.com.zoeira.ventura
1494,com.cnbooks.cnbooks
1495,com.anomalyproductions.marked
1496,fun.free.impossiblessuvstunts.pradocarstunts.stuntdriving.simulator.apps
1497,com.onwardsmg.comicvid
1498,com.echnogaming.amazingfallingball
1499,com.netcomics.app
1500,com.caramelup.audiomemes
1501,com.tigs.monster.dinosaur.rampage.city.attack.hunter.freegames.deadly.shores.simulator.jurassic.run.kiddino
1502,com.multi.panther.rope.hero.miami.crime.city.battle
1503,com.mangaflip
1504,com.free_war_games.real.robot.ring.fighting
1505,com.collectorz.javamobile.android.comics
1506,com.ethiopian.arada
1507,com.thomaskanzig.piadasdeaudio
1508,com.dark.side
1509,fr.birdsdessines
1510,com.ns.ack
1511,br.com.mcaldas.panelaco
1512,org.mg94c18.alanford
1513,com.rangli.lateefay
1514,com.grand.stickman.mafia.rope.hero
1515,alfanalasher.com
1516,appinventor.ai_fisherliang11.HW7PictureDrawing_v3
1517,com.nokatasa7by
1518,br.com.mjapps.somdascoisas
1519,com.newandromo.dev916715.app1021784
1520,com.Logicgames.superhero.fighting.heros.kungfu.NYC
1521,com.stickers.brainlets
1522,com.philosophicalcomyx.philosophicalcomyxsphinx
1523,com.catbag.sonswhatsapp
1524,comapplab.dreamiosys.bangla_jokes
1525,com.midtowncomics
1526,manga.comics.reader.store.magic.story
1527,com.zzangcartoon5
1528,com.hushgames.streetfightfuturefight.KingofDeathStreetFighting
1529,vn.appstore.minnanonihongo
1530,com.UmbruZDeV.Dino
1531,com.cacapo.mangaqube
1532,com.oreogames.hunting.wild.animals.sniper.wolf.hunter
1533,com.andromo.dev260217.app329396
1534,com.fgz.robot.gladiator.clash.hero.robot.fighting.games
1535,com.jail.breakout.prison.assault.mission
1536,com.test.e15miabv3_04
1537,com.ebookrenta.en_app
1538,com.msingenieriayartesdigitalessas.msiadcomics
1539,com.devadroid.photoparjindagishayari
1540,com.artursfer.choquedeculturasounds
1541,com.shopbell.bellalert
1542,com.artursfer.faustopsounds
1543,com.stickers.picapau
1544,io.deathgrunt.comic01
1545,politickeizjave.nokturnalmortum.com.politickeizjave
1546,redmx14.apps.iwmsn
1547,pe.gnomewarrior64.aircomicviewerad
1548,tv.iam.ameirococoa
1549,com.arabianarts.realcrimesimulatorgangsterstoryI
1550,com.dino.nghien.truyentranh.manga
1551,com.comichub
1552,com.aprilius.komik.cinta
1553,com.million.gamez.call.on.blocky.duty
1554,es.edufdezsoy.manga2kindle
1555,net.weblaser.chistesalacarta
1556,com.synox.fabre.city
1557,lc.leonc.frasesmalucas
1558,com.test.dailysub01
1559,com.anomalyproductions.AnomalyUAR
1560,com.tigs.horse.carriage.offroad.transport.game.stable.horsehotel.horsegames.horseracing
1561,com.lithiumdev.attitudeshayri
1562,com.flying.robot.monster.truck.monster.battle.games
1563,com.magzter.champakmarathi
1564,com.filous.topfreegames.superhero.battleground.grand.prisonbreach
1565,com.ggs.crime_city_gangster_simulator_vegas_mafia_free_games
1566,com.bottleshootinggame.knockdown
1567,com.cyberpunk.death.cheating
1568,com.arabianarts.deadlydinosaurhuntergame
1569,com.mayhem.quad.bike.shooting.race.games
1570,com.aldrinarciga.creepypastareader
1571,com.COMICSMART.GANMA
1572,com.zzangcartoon22
1573,io.fastmanga
1574,com.navo.avazoxunyangisi
1575,com.animedrawingtutorials.kinanapps
1576,air.manhwa
1577,ru.blikfon.alittlechristmastale_3
1578,com.madcap.robot.transform.extreme.gtracing
1579,com.rune.zzangpicture1
1580,manga.anime.toon
1581,com.innventera.Modern.City.Car.Parking
1582,com.toast.comico.th
1583,com.fps.robotshootinggames.counterwar.terroristsshooter
1584,com.superboltgamingstudios.offroadheavytruckdrivernew
1585,com.tbabadev.app21
1586,net.explosm.CyanideAndHappiness
1587,com.visunia.bedtime.story
1588,com.rsknokatasa7by
1589,com.crownarts.airportfiretruckrescue
1590,buddhastories.surenapps
1591,com.gb.stickman.army.dog.chase.crime.simulator
1592,com.theagoliddell.jeanwyllysdebolso
1593,com.webcomics.manga
1594,com.skollabs.funny
1595,com.tigs.us.army.training.camp.robot.cadets.transform.war.tps.fps.shooting.battleground.battlefield
1596,com.graphite.graphitecomics
1597,com.fategaminstudio.modern.prado.car.wash.prado.driving.simulator
1598,mobi.mangatoon.comics.aphone.spanish
1599,com.kurdi.fun.reaction
1600,com.avatarmaker.ninja
1601,com.cohorganmanga.app.cohorganmanga
1602,com.playcreatividad.ipoe
1603,com.axondevgames.ultimate.lion.family.simulator
1604,io.kodular.tharindusathyajith25.Amda
1605,air.com.blueart21.biron
1606,com.knn.ichmntm
1607,com.rookiestudio.perfectviewer.donate3
1608,com.orange.photoeditor
1609,air.bahraniapps.expressivecomiccreator
1610,com.igi.special.fire.cover.ops.game
1611,com.ahihi.t11
1612,interactive.story.games.high.school.drama.love.story
1613,com.topfreegames.free.shooting.games.commando
1614,apps.android.books.comicx.comicbooks
1615,com.west.info2019
1616,com.appdev.ramdanmubaraknew
1617,com.pgs.stickman.rope.hero.monster.gangstersquad
1618,br.com.harial.birl
1619,com.tarkarn.mwt
1620,audiowhats.maskow.org.audiowhats
1621,com.noscrisma.sniper.deer.hunter.game
1622,appmiklmayerfr.wpapp
1623,com.carmins.air.hockey.glow
1624,kr.co.dwci.champdcafe2
1625,com.harn.meme
1626,com.developer.angelo.superheroapi
1627,com.tsunamituna.reader
1628,com.n86.netplayer
1629,jp.co.booktable.dokusho.viewer
1630,com.UmbruZDeV.DollWallpaper
1631,org.jm.english
1632,drawing.anime.stepbystep
1633,com.hutapp.animalstickers
1634,com.ogs.spidergames.venomhero.runner.infinitycitybattle.ninjagame
1635,com.right.to.develop.Stunt.Man.Crazy.Run
1636,com.ushaindalkar08.jokes_copy
1637,com.devadroid.birthdaywishes
1638,com.redfivesoftware.webcomix
1639,com.kiwamedia.android.qbook.TAN0005
1640,com.lunnargames.mosquitochato
1641,com.papasgamingcrush.worldof.survival.heroes3d.shooting.game
1642,com.gc.fps.gun.secret.commando.mission.shootinggame
1643,com.nothing2
1644,ru.ruxlab.motivation
1645,com.gamefunfever.sniper.gun.shooting.action.games
1646,com.coxickcomics.greyvalley
1647,air.com.blueart21.gorogoroen
1648,com.innovativefriends.husbandwifefunnyjokes
1649,com.mangacollec
1650,com.faadooengineers.free_astd
1651,com.nsyang.bookreader
1652,com.eddysoft.comicviewer
1653,oqunet.com.creacomic
