0,support_lib
1,firebase
2,admob
3,google_gson
4,google_maps
5,kawa
6,acra
7,unity
8,fmod
9,unity_ads
10,android_arch
11,retrofit
12,androidx.versionedparcelable
13,androidx.annotation
14,support_widgets
15,gcm
16,androidx.appcompat
17,androidx.media
18,androidx.activity
19,androidx.savedstate
20,androidx.loader
21,androidx.transition
22,androidx.legacy-utils
23,androidx.collection
24,androidx.legacy
25,androidx.cursoradapter
26,androidx.localbroadcastmanager
27,androidx.print
28,androidx.documentfile
29,androidx.vectordrawable
30,androidx.asynclayoutinflater
31,okio
32,kotlin
33,glide
34,androidx.viewpager2
35,picasso
36,android.work
37,facebook
38,zxing
39,analytics
40,facebook_ads
41,androidx.exifinterface
42,reactivex
43,applovin
44,open-measurement
45,jsoup
46,fasterxml_jackson
47,chromium
48,slf4j
49,apache_codec
50,moat
51,joda
52,vungle
53,inmobi
54,tapjoy
55,market_licensing
56,imageviewzoom
57,kakao
58,epublib
59,naver
60,image-loader
61,androidx.multidex
62,bolts
63,dagger
64,crashlytics
65,fabric
66,autofittextview
67,sugarorm
68,flurry
69,circle_image_view
70,vpi
71,anjlab_billing
72,eventbus
73,appsflyer
74,photoview
75,jetbrains_annotations
76,intellij_idea
77,nineoldandroids
78,sdl
79,gameanalytics
80,andromo
81,androidquery
82,market_billing
83,yoyogames
84,google_games
85,mopub
86,flutter
87,adcolony
88,ironsource
89,appcenter
90,xamarin
91,phonegap
92,shortcutbadger
93,phonegapsocialsharing
94,guava
95,onesignal
96,protobuf
97,reactive_streams
98,okhttp
99,react_native
100,yoga
101,youtube_android_player_api
102,checker
103,grpc
104,card.io
105,paypal
106,segment
107,lottie
108,apache_io
109,u_crop
110,opencensus
111,chartboost
112,amazon_ads
113,integral-ad-science
114,materialdialogs
115,easypermissions
116,simple_xml_serialization
117,ormlite
118,material_drawer
119,appyet
120,butterknife
121,realm
122,adjust
123,android_youtube_player
124,mytarget
125,kochava
126,mintegral
127,sherlock
128,sliding-menu
129,air
130,milkmangames
131,apache_logging
132,junit
133,spongycastle
134,volley
135,nend
136,relinker
137,androidsvg
138,json_simple
139,evernotejob
140,fetch
141,lazylist
142,cwac
143,devsmart
144,apache_http_auth
145,jackson
146,android-image-cropper
147,sdkbox
148,leadbolt
149,apache_httpmime
150,zbar
151,dragsortlistview
152,rounded_image_view
153,startapp
154,splunkmint
155,vitamio
156,avloadingindicatorview
157,circle_indicator
158,loopj_asynchttpclient
159,msebera_httpclient
160,cocos2dx
161,cameraview
162,ionic
163,apppirater
164,jcraft
165,material_progress_bar
166,dbflow
167,timber
168,moshi
169,amplitude
170,branch
171,clevertap
172,basic4android
173,recyclerviewsnap
174,danwilson_analytics
175,subsampling-scale-imageview
176,alipay
177,jaxen
178,handmark-pulltorefresh
179,dom4j
180,android_gif_drawable
181,twitterkit
182,xmlpull
183,material-datetime-picker
184,kxml2
185,altbeacon
186,localytics
187,gamesalad
188,amazon_gamecircle
189,daum
190,andengine
191,tappx
192,yandex_metrica
193,ogury
194,appodeal
195,criteo
196,greendao
197,umeng
198,revenuecat
199,mixpanel
200,snapchat-login
201,sliding_up_panel
202,logansquare
203,androidx.legacy-support-v13
204,google_guice
205,lunar-console
206,tnk
207,sentry
208,bouncycastle
209,stripe
210,intercom
211,crittercism
212,viewpagerextensions
213,adstir
214,adlantis
215,libgdx
216,androidasync
217,kobjects
218,ksoap2
219,javamail
220,javamail_android
221,samsung_iap
222,amazon_iab
223,openiab
224,smart-app-rate
225,jcifs
226,edmodo_cropper
227,parse
228,nexage_mraid
229,supersonic
230,cheetah_mobile
231,smaato
232,yume
233,pdftron
234,metalev_multitouch
235,airpush
236,leakcanary
237,activeandroid
238,revmob
239,appbrain
240,adbrix
241,juniversalchardet
242,jnlua
243,corona
244,daimajia_animations
245,androidnetworking
246,permissions_dispatcher
247,spring
248,londatiga_qa
249,unityandroidnative
250,fastadapter
251,disklrucache
252,aboutlibraries
253,conductor
254,pollfish
255,appnext
256,mobincube
257,orhanobut_logger
258,htmlcleaner
259,dropbox_api
260,httpclientandroidlib
261,heyzap
262,protobuf_nano
263,hockey_app
264,crosswalkproject
265,braze
266,konfetti
267,kankanwheel
268,oauth_signpost
269,mpandroidchart
270,amazon_aws
271,apache_lang
272,nullwire
273,glwallpaperservice
274,adpopcorn
275,apache_james
276,android_colorpicker
277,tensorflow
278,urban_airship
279,fyber
280,prettytime
281,instant-apps
282,appcelerator
283,roboguice
284,pushwoosh
285,recyclerview_animators
286,materialfilepicker
287,comscore
288,neatplug
289,ratethisapp
290,box
291,smooth_progress_bar
292,tenjin
293,calendarview
294,seattleclouds
295,easyprefs
296,sticky_list_headers
297,vkontakte
298,tapdaq
299,prime31_plugins
300,androidrate
301,material-app-rating
302,tablelayout
303,digits
304,swipereveallayout
305,threatmetrix
306,pubnative
307,admost
308,protobuf_micro
309,mobclix
310,mapbox
311,ultimaterecyclerview
312,soomla
313,greendroid
314,viewbadger
